{
	"comments": [
		"in map key 45+ is the numlock key, by removing or adding an invalid code (e.g. e45+) to this mapping the numlock will work as intended",
		"Further differences to the original are (letters as on querty layout): alt+z=undo, alt+x = cut, alt+c=copy[ctrl+ins], alt+v=paste[shift+ins], alt+b=return, alt+h=contextmenu, alt+y=esc", 
	],
    "layouts": [
        {
            "name": "KOY",
            "modifiers": {
                "2A":  "LShift",
                "36+": "RShift",
                "1D": "LCtrl",
                "1D+": "RCtrl",
                "38": "LAlt",
                "3A":  "LMod3",
                "2B":  "RMod3",
                "56":  "LMod4",
                "38+": "RMod4"
            },
            "layers": [
                {"Shift": false, "Mod3": false, "Mod4": false},
                {"Shift": true, "Mod3": false, "Mod4": false},
                {"Shift": false, "Mod3": true, "Mod4": false},
                {"Mod3": false, "Mod4": true},
                {"Shift": true, "Mod3": true, "Mod4": false},
                {"Mod3": true, "Mod4": true}
            ],
            "capslockableKeys": ["10", "12", "14", "15", "16", "17", "18", "19", "1A",
                "1E", "1F", "20", "21", "22", "23", "24", "25", "26", "27", "28",
                "2C", "2D", "2E", "2F", "30", "31", "32", "33", "34", "35"],
            "map": {
                "01": [{"keysym": "Escape", "vk": "VK_ESCAPE", "label": "Esc"},         {"keysym": "Escape", "vk": "VK_ESCAPE", "label": "Esc"},        {"keysym": "Escape", "vk": "VK_ESCAPE", "label": "Esc"},    {"keysym": "Escape", "vk": "VK_ESCAPE", "label": "Esc"},        {"keysym": "Escape", "vk": "VK_ESCAPE", "label": "Esc"},            {"keysym": "Escape", "vk": "VK_ESCAPE", "label": "Esc"}],
                "29": [{"keysym": "dead_circumflex", "char": "^", "label": "\u02c6"},   {"keysym": "dead_caron", "char": "\u02c7"},                     {"keysym": "U21BB", "char": "\u21bb"},                      {"keysym": "dead_abovedot", "char": "\u02d9"},                  {"keysym": "U02DE", "char": "\u02de"},                              {"keysym": "dead_belowdot", "char": "."}],
                "0D": [{"keysym": "dead_grave", "char": "\u0060", "label": "\u02cb"},   {"keysym": "dead_cedilla", "char": "\u00b8"},                   {"keysym": "dead_abovering", "char": "\u02da"},             {"keysym": "dead_diaeresis", "char": "\u00a8"},                 {"keysym": "dead_dasia", "char": "\u1ffe"},                         {"keysym": "dead_macron", "char": "\u00af"}],
                "1B": [{"keysym": "dead_acute", "char": "\u00b4", "label": "\u02ca"},   {"keysym": "dead_tilde", "char": "~", "label": "\u02dc"},       {"keysym": "dead_stroke", "char": "\u002f"},                {"keysym": "dead_doubleacute", "char": "\u02dd"},               {"keysym": "dead_psili", "char": "\u1fbf"},                         {"keysym": "dead_breve", "char": "\u02d8"}],
                       
                "02": [{"keysym": "1", "char": "1"},                                    {"keysym": "degree", "char": "°"},                              {"keysym": "onesuperior", "char": "¹"},                     {"keysym": "ordfeminine", "char": "ª"},                         {"keysym": "onesubscript", "char": "₁"},                            {"keysym": "notsign", "char": "¬"}],
                "03": [{"keysym": "2", "char": "2"},                                    {"keysym": "section", "char": "§"},                             {"keysym": "twosuperior", "char": "²"},                     {"keysym": "masculine", "char": "º"},                           {"keysym": "twosubscript", "char": "₂"},                            {"keysym": "logicalor", "char": "∨"}],
                "04": [{"keysym": "3", "char": "3"},                                    {"keysym": "U2113", "char": "ℓ"},                               {"keysym": "threesuperior", "char": "³"},                   {"keysym": "numerosign", "char": "№"},                          {"keysym": "threesubscript", "char": "₃"},                          {"keysym": "logicaland", "char": "∧"}],
                "05": [{"keysym": "4", "char": "4"},                                    {"keysym": "guillemotright", "char": "»"},                      {"keysym": "U203A", "char": "›"},                           {},                                                             {"keysym": "femalesymbol", "char": "\u2640"},                       {"keysym": "uptack", "char": "⊥"}],
                "06": [{"keysym": "5", "char": "5"},                                    {"keysym": "guillemotleft", "char": "«"},                       {"keysym": "U2039", "char": "‹"},                           {"keysym": "periodcentered", "char": "·"},                      {"keysym": "malesymbol", "char": "\u2642"},                         {"keysym": "U2221", "char": "∡"}],
                "07": [{"keysym": "6", "char": "6"},                                    {"keysym": "dollar", "char": "$"},                              {"keysym": "cent", "char": "¢"},                            {"keysym": "sterling", "char": "£"},                            {"keysym": "U26A5", "char": "\u26A5"},                              {"keysym": "U2225", "char": "∥"}],
                "08": [{"keysym": "7", "char": "7"},                                    {"keysym": "EuroSign", "char": "€"},                            {"keysym": "yen", "char": "¥"},                             {"keysym": "currency", "char": "¤"},                            {"keysym": "U03F0", "char": "ϰ"},                                   {"keysym": "rightarrow", "char": "→"}],
                "09": [{"keysym": "8", "char": "8"},                                    {"keysym": "doublelowquotemark", "char": "„"},                  {"keysym": "singlelowquotemark", "char": "‚"},              {"keysym": "Tab", "vk": "VK_TAB", "label": "\u21b9"},           {"keysym": "leftanglebracket", "char": "\u27E8"},                   {"keysym": "infinity", "char": "∞"}],
                "0A": [{"keysym": "9", "char": "9"},                                    {"keysym": "leftdoublequotemark", "char": "“"},                 {"keysym": "leftsinglequotemark", "char": "‘"},             {"keysym": "KP_Divide", "vk": "VK_DIVIDE", "label": "÷"},       {"keysym": "rightanglebracket", "char": "\u27E9"},                  {"keysym": "variation", "char": "∝"}],
                "0B": [{"keysym": "0", "char": "0"},                                    {"keysym": "rightdoublequotemark", "char": "”"},                {"keysym": "rightsinglequotemark", "char": "’"},            {"keysym": "KP_Multiply", "vk": "VK_MULTIPLY", "label": "×"},   {"keysym": "zerosubscript", "char": "₀"},                           {"keysym": "emptyset", "char": "∅"}],
                       
                "1C": [{"keysym": "Return", "vk": "VK_RETURN", "label": "\u21a9"},      {"keysym": "Return", "vk": "VK_RETURN", "label": "\u21a9"},     {"keysym": "Return", "vk": "VK_RETURN", "label": "\u21a9"}, {"keysym": "Return", "vk": "VK_RETURN", "label": "\u21a9"},     {"keysym": "Return", "vk": "VK_RETURN", "label": "\u21a9"},         {"keysym": "Return", "vk": "VK_RETURN", "label": "\u21a9"}],
                "0F": [{"keysym": "Tab", "vk": "VK_TAB", "label": "\u21b9"},            {"keysym": "Tab", "vk": "VK_TAB", "label": "\u21b9"},           {"keysym": "Multi_key", "char": "\u266B"},                  {"keysym": "Tab", "vk": "VK_TAB", "label": "\u21b9"},           {},                                                                 {}],
                "39": [{"keysym": "space", "vk": "VK_SPACE", "label": "\u2423"},        {"keysym": "space", "vk": "VK_SPACE", "label": "\u2423"},       {"keysym": "space", "vk": "VK_SPACE", "label": "\u2423"},   {"keysym": "KP_0", "vk": "VK_NUMPAD0", "label": "0"},           {"keysym": "nobreakspace", "char": "\u00a0", "label": "\u237d"},    {"keysym": "U202F", "char": "\u202f", "label": "\u00a6"}],
                       
                "e45+":[{"keysym": "Tab", "vk": "VK_TAB", "label": "\u21b9"},            {"keysym": "Tab", "vk": "VK_TAB", "label": "\u21b9"},           {"keysym": "equal", "char": "="},                           {"keysym": "notequal", "char": "≠"},                            {"keysym": "U2248", "char": "≈"},                                   {"keysym": "identical", "char": "≡"}],
                "35+":[{"keysym": "KP_Divide", "vk": "VK_DIVIDE", "label": "÷"},        {"keysym": "KP_Divide", "vk": "VK_DIVIDE", "label": "÷"},       {"keysym": "division", "char": "÷"},                        {"keysym": "U2044", "char": "⁄"},                               {"keysym": "U2300", "char": "⌀"},                                   {"keysym": "U2223", "char": "∣"}],
                "37": [{"keysym": "KP_Multiply", "vk": "VK_MULTIPLY", "label": "×"},    {"keysym": "KP_Multiply", "vk": "VK_MULTIPLY", "label": "×"},   {"keysym": "U22C5", "char": "\u22c5"},                      {"keysym": "multiply", "char": "×"},                            {"keysym": "U2299", "char": "\u2299"},                              {"keysym": "U2297", "char": "\u2297"}],
                "4A": [{"keysym": "KP_Subtract", "vk": "VK_SUBTRACT", "label": "-"},    {"keysym": "KP_Subtract", "vk": "VK_SUBTRACT", "label": "-"},   {"keysym": "U2212", "char": "−"},                           {"keysym": "U2216", "char": "∖"},                               {"keysym": "U2296", "char": "\u2296"},                              {"keysym": "U2238", "char": "\u2238"}],
                "4E": [{"keysym": "KP_Add", "vk": "VK_ADD", "label": "+"},              {"keysym": "KP_Add", "vk": "VK_ADD", "label": "+"},             {"keysym": "plusminus", "char": "±"},                       {"keysym": "U2213", "char": "\u2213"},                          {"keysym": "U2295", "char": "\u2295"},                              {"keysym": "U2214", "char": "∔"}],
                "47": [{"keysym": "KP_7", "vk": "VK_NUMPAD7", "label": "7"},            {"keysym": "U2714", "char": "\u2714"},                          {"keysym": "U2195", "char": "↕"},                           {"keysym": "KP_Home", "vk": "VK_HOME", "label": "\u2196"},      {"keysym": "U226A", "char": "\u226a"},                              {"keysym": "upstile", "char": "⌈"}],
                "48": [{"keysym": "KP_8", "vk": "VK_NUMPAD8", "label": "8"},            {"keysym": "U2718", "char": "\u2718"},                          {"keysym": "uparrow", "char": "↑"},                         {"keysym": "KP_Up", "vk": "VK_UP", "label": "\u2191"},          {"keysym": "intersection", "char": "∩"},                            {"keysym": "U22C2", "char": "⋂"}],
                "49": [{"keysym": "KP_9", "vk": "VK_NUMPAD9", "label": "9"},            {"keysym": "dagger", "char": "†"},                              {"keysym": "U20D7", "char": "\u20d7"},                      {"keysym": "KP_Page_Up", "vk": "VK_PRIOR", "label": "\u21de"},  {"keysym": "U226B", "char": "\u226b"},                              {"keysym": "U2309", "char": "⌉"}],
                "4B": [{"keysym": "KP_4", "vk": "VK_NUMPAD4", "label": "4"},            {"keysym": "club", "char": "\u2663"},                           {"keysym": "leftarrow", "char": "←"},                       {"keysym": "KP_Left", "vk": "VK_LEFT", "label": "\u2190"},      {"keysym": "includedin", "char": "\u2282"},                         {"keysym": "U2286", "char": "⊆"}],
                "4C": [{"keysym": "KP_5", "vk": "VK_NUMPAD5", "label": "5"},            {"keysym": "EuroSign", "char": "€"},                            {"keysym": "colon", "char": ":"},                           {"keysym": "VoidSymbol", "vk": "VK_LBUTTON"},                   {"keysym": "U22B6", "char": "\u22B6"},                              {"keysym": "U22B7", "char": "⊷"}],
                "4D": [{"keysym": "KP_6", "vk": "VK_NUMPAD6", "label": "6"},            {"keysym": "U2023", "char": "\u2023"},                          {"keysym": "rightarrow", "char": "→"},                      {"keysym": "KP_Right", "vk": "VK_RIGHT", "label": "\u2192"},    {"keysym": "includes", "char": "\u2283"},                           {"keysym": "U2287", "char": "⊇"}],
                "4F": [{"keysym": "KP_1", "vk": "VK_NUMPAD1", "label": "1"},            {"keysym": "diamond", "char": "\u2666"},                        {"keysym": "U2194", "char": "↔"},                           {"keysym": "KP_End", "vk": "VK_END", "label": "\u2198"},        {"keysym": "lessthanequal", "char": "≤"},                           {"keysym": "downstile", "char": "⌊"}],
                "50": [{"keysym": "KP_2", "vk": "VK_NUMPAD2", "label": "2"},            {"keysym": "heart", "char": "\u2665"},                          {"keysym": "downarrow", "char": "↓"},                       {"keysym": "KP_Down", "vk": "VK_DOWN", "label": "\u2193"},      {"keysym": "union", "char": "\u222A"},                              {"keysym": "U22C3", "char": "\u22c3"}],
                "51": [{"keysym": "KP_3", "vk": "VK_NUMPAD3", "label": "3"},            {"keysym": "U2660", "char": "\u2660"},                          {"keysym": "U21CC", "char": "\u21cc"},                      {"keysym": "KP_Page_Down", "vk": "VK_NEXT", "label": "\u21df"}, {"keysym": "greaterthanequal", "char": "≥"},                        {"keysym": "U230B", "char": "⌋"}],
                "52": [{"keysym": "KP_0", "vk": "VK_NUMPAD0", "label": "0"},            {"keysym": "signifblank", "char": "\u2423"},                    {"keysym": "percent", "char": "%"},                         {"keysym": "KP_Insert", "vk": "VK_INSERT", "label": "Ins"},     {"keysym": "permille", "char": "‰"},                                {"keysym": "U25A1", "char": "□"}],
                "53": [{"keysym": "KP_Separator", "vk": "VK_DECIMAL", "label": ","},    {"keysym": "period", "char": "."},                              {"keysym": "comma", "vk": "VK_OEM_COMMA", "label": ","},    {"keysym": "KP_Delete", "vk": "VK_DELETE", "label": "\u2326"},  {"keysym": "minutes", "char": "′"},                                 {"keysym": "seconds", "char": "″"}],
                       
                "0C": [{"keysym": "minus", "vk": "VK_OEM_MINUS", "label": "-"},         {"keysym": "emdash", "char": "—"},                              {},                                                         {"keysym": "KP_Subtract", "vk": "VK_SUBTRACT", "label": "-"},   {"keysym": "U2011", "char": "‑"},                                   {"keysym": "U00AD", "char": "\u00ad"}],
                "10": [{"keysym": "k", "vk": "VK_KEY_K", "label": "k"},                 {"keysym": "K", "vk": "VK_KEY_K", "label": "K"},                {"keysym": "ellipsis", "char": "…"},                        {"keysym": "Page_Up", "vk": "VK_PRIOR", "label": "\u21de"},     {"keysym": "Greek_kappa", "char": "κ"},                             {"keysym": "multiply", "char": "×"}],
                "11": [{"keysym": "period", "char": "."},                               {"keysym": "enfilledcircbullet", "char": "•"},                  {"keysym": "underbar", "char": "_"},                        {"keysym": "BackSpace", "vk": "VK_BACK", "label": "\u232b"},    {"keysym": "U03D1", "char": "ϑ"},                                   {"keysym": "U21A6", "char": "↦"}],
                "12": [{"keysym": "o", "vk": "VK_KEY_O", "label": "o"},                 {"keysym": "O", "vk": "VK_KEY_O", "label": "O"},                {"keysym": "bracketleft", "char": "["},                     {"keysym": "Up", "vk": "VK_UP", "label": "\u2191"},             {"keysym": "Greek_omicron", "char": "ο"},                           {"keysym": "elementof", "char": "∈"}],
                "13": [{"keysym": "comma", "char": ","},                                {"keysym": "endash", "char": "–"},                              {"keysym": "bracketright", "char": "]"},                    {"keysym": "Delete", "vk": "VK_DELETE", "label": "\u2326"},     {"keysym": "U03F1", "char": "ϱ"},                                   {"keysym": "implies", "char": "⇒"}],
                "14": [{"keysym": "y", "vk": "VK_KEY_Y", "label": "y"},                 {"keysym": "Y", "vk": "VK_KEY_Y", "label": "Y"},                {"keysym": "asciicircum", "char": "^"},                     {"keysym": "Page_Down", "vk": "VK_NEXT", "label": "\u21df"},    {"keysym": "Greek_upsilon", "char": "υ"},                           {"keysym": "nabla", "char": "∇"}],
                "15": [{"keysym": "v", "vk": "VK_KEY_V", "label": "v"},                 {"keysym": "V", "vk": "VK_KEY_V", "label": "V"},                {"keysym": "exclam", "char": "!"},                          {"keysym": "exclamdown", "char": "¡"},                          {},                                                                 {"keysym": "radical", "char": "√"}],
                "16": [{"keysym": "g", "vk": "VK_KEY_G", "label": "g"},                 {"keysym": "G", "vk": "VK_KEY_G", "label": "G"},                {"keysym": "less", "char": "<"},                            {"keysym": "KP_7", "vk": "VK_NUMPAD7", "label": "7"},           {"keysym": "Greek_gamma", "char": "γ"},                             {"keysym": "Greek_GAMMA", "char": "Γ"}],
                "17": [{"keysym": "c", "vk": "VK_KEY_C", "label": "c"},                 {"keysym": "C", "vk": "VK_KEY_C", "label": "C"},                {"keysym": "greater", "char": ">"},                         {"keysym": "KP_8", "vk": "VK_NUMPAD8", "label": "8"},           {"keysym": "Greek_chi", "char": "χ"},                               {"keysym": "U2102", "char": "ℂ"}],
                "18": [{"keysym": "l", "vk": "VK_KEY_L", "label": "l"},                 {"keysym": "L", "vk": "VK_KEY_L", "label": "L"},                {"keysym": "equal", "char": "="},                           {"keysym": "KP_9", "vk": "VK_NUMPAD9", "label": "9"},           {"keysym": "Greek_lamda", "char": "λ"},                             {"keysym": "Greek_LAMDA", "char": "Λ"}],
                "19": [{"keysym": "ssharp", "char": "ß"},                               {"keysym": "U1E9E", "char": "\u1e9e"},                          {"keysym": "ampersand", "char": "&"},                       {"keysym": "KP_Add", "vk": "VK_ADD", "label": "+"},             {"keysym": "Greek_finalsmallsigma", "char": "ς"},                   {"keysym": "jot", "char": "∘"}],
                "1A": [{"keysym": "z", "vk": "VK_KEY_Z", "label": "z"},                 {"keysym": "Z", "vk": "VK_KEY_Z", "label": "Z"},                {"keysym": "U017F", "char": "ſ"},                           {"keysym": "U2212", "char": "−"},                               {"keysym": "Greek_zeta", "char": "ζ"},                              {"keysym": "U2124", "char": "ℤ"}],
                "1E": [{"keysym": "h", "vk": "VK_KEY_H", "label": "h"},                 {"keysym": "H", "vk": "VK_KEY_H", "label": "H"},                {"keysym": "backslash", "char": "\\"},                      {"keysym": "Home", "vk": "VK_HOME", "label": "\u2196"},         {"keysym": "Greek_psi", "char": "ψ"},                               {"keysym": "Greek_PSI", "char": "Ψ"}],
                "1F": [{"keysym": "a", "vk": "VK_KEY_A", "label": "a"},                 {"keysym": "A", "vk": "VK_KEY_A", "label": "A"},                {"keysym": "slash", "char": "/"},                           {"keysym": "Left", "vk": "VK_LEFT", "label": "\u2190"},         {"keysym": "Greek_alpha", "char": "α"},                             {"keysym": "U2200", "char": "∀"}],
                "20": [{"keysym": "e", "vk": "VK_KEY_E", "label": "e"},                 {"keysym": "E", "vk": "VK_KEY_E", "label": "E"},                {"keysym": "braceleft", "char": "{"},                       {"keysym": "Down", "vk": "VK_DOWN", "label": "\u2193"},         {"keysym": "Greek_epsilon", "char": "ε"},                           {"keysym": "U2203", "char": "∃"}],
                "21": [{"keysym": "i", "vk": "VK_KEY_I", "label": "i"},                 {"keysym": "I", "vk": "VK_KEY_I", "label": "I"},                {"keysym": "braceright", "char": "}"},                      {"keysym": "Right", "vk": "VK_RIGHT", "label": "\u2192"},       {"keysym": "Greek_iota", "char": "ι"},                              {"keysym": "integral", "char": "∫"}],
                "22": [{"keysym": "u", "vk": "VK_KEY_U", "label": "u"},                 {"keysym": "U", "vk": "VK_KEY_U", "label": "U"},                {"keysym": "asterisk", "char": "*"},                        {"keysym": "End", "vk": "VK_END", "label": "\u2198"},           {},                                                                 {"keysym": "includedin", "char": "⊂"}],
                "23": [{"keysym": "d", "vk": "VK_KEY_D", "label": "d"},                 {"keysym": "D", "vk": "VK_KEY_D", "label": "D"},                {"keysym": "question", "char": "?"},                        {"keysym": "questiondown", "char": "¿"},                        {"keysym": "Greek_delta", "char": "δ"},                             {"keysym": "Greek_DELTA", "char": "Δ"}],
                "24": [{"keysym": "t", "vk": "VK_KEY_T", "label": "t"},                 {"keysym": "T", "vk": "VK_KEY_T", "label": "T"},                {"keysym": "parenleft", "char": "("},                       {"keysym": "KP_4", "vk": "VK_NUMPAD4", "label": "4"},           {"keysym": "Greek_tau", "char": "τ"},                               {"keysym": "partdifferential", "char": "∂"}],
                "25": [{"keysym": "r", "vk": "VK_KEY_R", "label": "r"},                 {"keysym": "R", "vk": "VK_KEY_R", "label": "R"},                {"keysym": "parenright", "char": ")"},                      {"keysym": "KP_5", "vk": "VK_NUMPAD5", "label": "5"},           {"keysym": "Greek_rho", "char": "ρ"},                               {"keysym": "U211D", "char": "ℝ"}],
                "26": [{"keysym": "n", "vk": "VK_KEY_N", "label": "n"},                 {"keysym": "N", "vk": "VK_KEY_N", "label": "N"},                {"keysym": "minus", "char": "-"},                           {"keysym": "KP_6", "vk": "VK_NUMPAD6", "label": "6"},           {"keysym": "Greek_nu", "char": "ν"},                                {"keysym": "U2115", "char": "ℕ"}],
                "27": [{"keysym": "s", "vk": "VK_KEY_S", "label": "s"},                 {"keysym": "S", "vk": "VK_KEY_S", "label": "S"},                {"keysym": "colon", "char": ":"},                           {"keysym": "KP_Separator", "vk": "VK_DECIMAL", "label": ","},   {"keysym": "Greek_sigma", "char": "σ"},                             {"keysym": "Greek_SIGMA", "char": "Σ"}],
                "28": [{"keysym": "f", "vk": "VK_KEY_F", "label": "f"},                 {"keysym": "F", "vk": "VK_KEY_F", "label": "F"},                {"keysym": "at", "char": "@"},                              {"keysym": "period", "char": "."},                              {"keysym": "Greek_phi", "char": "φ"},                               {"keysym": "Greek_PHI", "char": "Φ"}],
                "2C": [{"keysym": "x", "vk": "VK_KEY_X", "label": "x"},                 {"keysym": "X", "vk": "VK_KEY_X", "label": "X"},                {"keysym": "numbersign", "char": "#"},                      {"keysym": "Escape", "vk": "VK_ESCAPE", "label": "\u238b"},     {"keysym": "Greek_xi", "char": "ξ"},                                {"keysym": "Greek_XI", "char": "Ξ"}],
                "2D": [{"keysym": "q", "vk": "VK_KEY_Q", "label": "q"},                 {"keysym": "Q", "vk": "VK_KEY_Q", "label": "Q"},                {"keysym": "dollar", "char": "$"},                          {"keysym": "Tab", "vk": "VK_TAB", "label": "\u21b9"},           {"keysym": "U03D5", "char": "ϕ"},                                   {"keysym": "U211A", "char": "ℚ"}],
                "2E": [{"keysym": "adiaeresis", "char": "ä"},                           {"keysym": "Adiaeresis", "char": "Ä"},                          {"keysym": "bar", "char": "|"},                             {"keysym": "Insert", "vk": "VK_INSERT", "label": "Ins"},        {"keysym": "Greek_eta", "char": "η"},                               {"keysym": "U2135", "char": "ℵ"}],
                "2F": [{"keysym": "udiaeresis", "char": "ü"},                           {"keysym": "Udiaeresis", "char": "Ü"},                          {"keysym": "asciitilde", "char": "~"},                      {"keysym": "Return", "vk": "VK_RETURN", "label": "\u21a9"},     {},                                                                 {"keysym": "union", "char": "∪"}],
                "30": [{"keysym": "odiaeresis", "char": "ö"},                           {"keysym": "Odiaeresis", "char": "Ö"},                          {"keysym": "grave", "char": "`"},                           {"vk": "VK_KEY_Z", "mods": {"Ctrl": true}, "label": "\u238c"},  {"keysym": "U03F5", "char": "ϵ"},                                   {"keysym": "intersection", "char": "∩"}],
                "31": [{"keysym": "b", "vk": "VK_KEY_B", "label": "b"},                 {"keysym": "B", "vk": "VK_KEY_B", "label": "B"},                {"keysym": "plus", "char": "+"},                            {"keysym": "colon", "char": ":"},                               {"keysym": "Greek_beta", "char": "β"},                              {"keysym": "U21D0", "char": "⇐"}],
                "32": [{"keysym": "p", "vk": "VK_KEY_P", "label": "p"},                 {"keysym": "P", "vk": "VK_KEY_P", "label": "P"},                {"keysym": "percent", "char": "%"},                         {"keysym": "KP_1", "vk": "VK_NUMPAD1", "label": "1"},           {"keysym": "Greek_pi", "char": "π"},                                {"keysym": "Greek_PI", "char": "Π"}],
                "33": [{"keysym": "w", "vk": "VK_KEY_W", "label": "w"},                 {"keysym": "W", "vk": "VK_KEY_W", "label": "W"},                {"keysym": "quotedbl", "char": "\""},                       {"keysym": "KP_2", "vk": "VK_NUMPAD2", "label": "2"},           {"keysym": "Greek_omega", "char": "ω"},                             {"keysym": "Greek_OMEGA", "char": "Ω"}],
                "34": [{"keysym": "m", "vk": "VK_KEY_M", "label": "m"},                 {"keysym": "M", "vk": "VK_KEY_M", "label": "M"},                {"keysym": "apostrophe", "char": "'"},                      {"keysym": "KP_3", "vk": "VK_NUMPAD3", "label": "3"},           {"keysym": "Greek_mu", "char": "μ"},                                {"keysym": "ifonlyif", "char": "⇔"}],
                "35": [{"keysym": "j", "vk": "VK_KEY_J", "label": "j"},                 {"keysym": "J", "vk": "VK_KEY_J", "label": "J"},                {"keysym": "semicolon", "char": ";"},                       {"keysym": "semicolon", "char": ";"},                           {"keysym": "Greek_theta", "char": "θ"},                             {"keysym": "Greek_THETA", "char": "Θ"}]
            }
        },
		{
            "name": "KOY$#",
            "modifiers": {
                "2A":  "LShift",
                "36+": "RShift",
                "1D": "LCtrl",
                "1D+": "RCtrl",
                "38": "LAlt",
                "3A":  "LMod3",
                "2B":  "RMod3",
                "56":  "LMod4",
                "38+": "RMod4"
            },
            "layers": [
                {"Shift": false, "Mod3": false, "Mod4": false},
                {"Shift": true, "Mod3": false, "Mod4": false},
                {"Shift": false, "Mod3": true, "Mod4": false},
                {"Mod3": false, "Mod4": true},
                {"Shift": true, "Mod3": true, "Mod4": false},
                {"Mod3": true, "Mod4": true}
            ],
            "capslockableKeys": ["10", "12", "14", "15", "16", "17", "18", "19", "1A",
                "1E", "1F", "20", "21", "22", "23", "24", "25", "26", "27", "28",
                "2C", "2D", "2E", "2F", "30", "31", "32", "33", "34", "35"],
            "map": {
                "01": [{"keysym": "Escape", "vk": "VK_ESCAPE", "label": "Esc"},         {"keysym": "Escape", "vk": "VK_ESCAPE", "label": "Esc"},        {"keysym": "Escape", "vk": "VK_ESCAPE", "label": "Esc"},    {"keysym": "Escape", "vk": "VK_ESCAPE", "label": "Esc"},        {"keysym": "Escape", "vk": "VK_ESCAPE", "label": "Esc"},            {"keysym": "Escape", "vk": "VK_ESCAPE", "label": "Esc"}],
                "29": [{"keysym": "dead_circumflex", "char": "^", "label": "\u02c6"},   {"keysym": "dead_caron", "char": "\u02c7"},                     {"keysym": "U21BB", "char": "\u21bb"},                      {"keysym": "dead_abovedot", "char": "\u02d9"},                  {"keysym": "U02DE", "char": "\u02de"},                              {"keysym": "dead_belowdot", "char": "."}],
                "0D": [{"keysym": "dead_grave", "char": "\u0060", "label": "\u02cb"},   {"keysym": "dead_cedilla", "char": "\u00b8"},                   {"keysym": "dead_abovering", "char": "\u02da"},             {"keysym": "dead_diaeresis", "char": "\u00a8"},                 {"keysym": "dead_dasia", "char": "\u1ffe"},                         {"keysym": "dead_macron", "char": "\u00af"}],
                "1B": [{"keysym": "dead_acute", "char": "\u00b4", "label": "\u02ca"},   {"keysym": "dead_tilde", "char": "~", "label": "\u02dc"},       {"keysym": "dead_stroke", "char": "\u002f"},                {"keysym": "dead_doubleacute", "char": "\u02dd"},               {"keysym": "dead_psili", "char": "\u1fbf"},                         {"keysym": "dead_breve", "char": "\u02d8"}],
                       
                "02": [{"keysym": "1", "char": "1"},                                    {"keysym": "degree", "char": "°"},                              {"keysym": "onesuperior", "char": "¹"},                     {"keysym": "ordfeminine", "char": "ª"},                         {"keysym": "onesubscript", "char": "₁"},                            {"keysym": "notsign", "char": "¬"}],
                "03": [{"keysym": "2", "char": "2"},                                    {"keysym": "section", "char": "§"},                             {"keysym": "twosuperior", "char": "²"},                     {"keysym": "masculine", "char": "º"},                           {"keysym": "twosubscript", "char": "₂"},                            {"keysym": "logicalor", "char": "∨"}],
                "04": [{"keysym": "3", "char": "3"},                                    {"keysym": "U2113", "char": "ℓ"},                               {"keysym": "threesuperior", "char": "³"},                   {"keysym": "numerosign", "char": "№"},                          {"keysym": "threesubscript", "char": "₃"},                          {"keysym": "logicaland", "char": "∧"}],
                "05": [{"keysym": "4", "char": "4"},                                    {"keysym": "guillemotright", "char": "»"},                      {"keysym": "U203A", "char": "›"},                           {},                                                             {"keysym": "femalesymbol", "char": "\u2640"},                       {"keysym": "uptack", "char": "⊥"}],
                "06": [{"keysym": "5", "char": "5"},                                    {"keysym": "guillemotleft", "char": "«"},                       {"keysym": "U2039", "char": "‹"},                           {"keysym": "periodcentered", "char": "·"},                      {"keysym": "malesymbol", "char": "\u2642"},                         {"keysym": "U2221", "char": "∡"}],
                "07": [{"keysym": "6", "char": "6"},                                    {"keysym": "dollar", "char": "$"},                              {"keysym": "cent", "char": "¢"},                            {"keysym": "sterling", "char": "£"},                            {"keysym": "U26A5", "char": "\u26A5"},                              {"keysym": "U2225", "char": "∥"}],
                "08": [{"keysym": "7", "char": "7"},                                    {"keysym": "EuroSign", "char": "€"},                            {"keysym": "yen", "char": "¥"},                             {"keysym": "currency", "char": "¤"},                            {"keysym": "U03F0", "char": "ϰ"},                                   {"keysym": "rightarrow", "char": "→"}],
                "09": [{"keysym": "8", "char": "8"},                                    {"keysym": "doublelowquotemark", "char": "„"},                  {"keysym": "singlelowquotemark", "char": "‚"},              {"keysym": "Tab", "vk": "VK_TAB", "label": "\u21b9"},           {"keysym": "leftanglebracket", "char": "\u27E8"},                   {"keysym": "infinity", "char": "∞"}],
                "0A": [{"keysym": "9", "char": "9"},                                    {"keysym": "leftdoublequotemark", "char": "“"},                 {"keysym": "leftsinglequotemark", "char": "‘"},             {"keysym": "KP_Divide", "vk": "VK_DIVIDE", "label": "÷"},       {"keysym": "rightanglebracket", "char": "\u27E9"},                  {"keysym": "variation", "char": "∝"}],
                "0B": [{"keysym": "0", "char": "0"},                                    {"keysym": "rightdoublequotemark", "char": "”"},                {"keysym": "rightsinglequotemark", "char": "’"},            {"keysym": "KP_Multiply", "vk": "VK_MULTIPLY", "label": "×"},   {"keysym": "zerosubscript", "char": "₀"},                           {"keysym": "emptyset", "char": "∅"}],
                       
                "1C": [{"keysym": "Return", "vk": "VK_RETURN", "label": "\u21a9"},      {"keysym": "Return", "vk": "VK_RETURN", "label": "\u21a9"},     {"keysym": "Return", "vk": "VK_RETURN", "label": "\u21a9"}, {"keysym": "Return", "vk": "VK_RETURN", "label": "\u21a9"},     {"keysym": "Return", "vk": "VK_RETURN", "label": "\u21a9"},         {"keysym": "Return", "vk": "VK_RETURN", "label": "\u21a9"}],
                "0F": [{"keysym": "Tab", "vk": "VK_TAB", "label": "\u21b9"},            {"keysym": "Tab", "vk": "VK_TAB", "label": "\u21b9"},           {"keysym": "Multi_key", "char": "\u266B"},                  {"keysym": "Tab", "vk": "VK_TAB", "label": "\u21b9"},           {},                                                                 {}],
                "39": [{"keysym": "space", "vk": "VK_SPACE", "label": "\u2423"},        {"keysym": "space", "vk": "VK_SPACE", "label": "\u2423"},       {"keysym": "space", "vk": "VK_SPACE", "label": "\u2423"},   {"keysym": "KP_0", "vk": "VK_NUMPAD0", "label": "0"},           {"keysym": "nobreakspace", "char": "\u00a0", "label": "\u237d"},    {"keysym": "U202F", "char": "\u202f", "label": "\u00a6"}],
                       
                "e45+":[{"keysym": "NUM_LOCK", "vk": "VK_NUMLOCK", "label": "NL"},            {"keysym": "NUM_LOCK", "vk": "VK_NUMLOCK", "label": "NL"},           {"keysym": "equal", "char": "="},                           {"keysym": "notequal", "char": "≠"},                            {"keysym": "U2248", "char": "≈"},                                   {"keysym": "identical", "char": "≡"}],
                "35+":[{"keysym": "KP_Divide", "vk": "VK_DIVIDE", "label": "÷"},        {"keysym": "KP_Divide", "vk": "VK_DIVIDE", "label": "÷"},       {"keysym": "division", "char": "÷"},                        {"keysym": "U2044", "char": "⁄"},                               {"keysym": "U2300", "char": "⌀"},                                   {"keysym": "U2223", "char": "∣"}],
                "37": [{"keysym": "KP_Multiply", "vk": "VK_MULTIPLY", "label": "×"},    {"keysym": "KP_Multiply", "vk": "VK_MULTIPLY", "label": "×"},   {"keysym": "U22C5", "char": "\u22c5"},                      {"keysym": "multiply", "char": "×"},                            {"keysym": "U2299", "char": "\u2299"},                              {"keysym": "U2297", "char": "\u2297"}],
                "4A": [{"keysym": "KP_Subtract", "vk": "VK_SUBTRACT", "label": "-"},    {"keysym": "KP_Subtract", "vk": "VK_SUBTRACT", "label": "-"},   {"keysym": "U2212", "char": "−"},                           {"keysym": "U2216", "char": "∖"},                               {"keysym": "U2296", "char": "\u2296"},                              {"keysym": "U2238", "char": "\u2238"}],
                "4E": [{"keysym": "KP_Add", "vk": "VK_ADD", "label": "+"},              {"keysym": "KP_Add", "vk": "VK_ADD", "label": "+"},             {"keysym": "plusminus", "char": "±"},                       {"keysym": "U2213", "char": "\u2213"},                          {"keysym": "U2295", "char": "\u2295"},                              {"keysym": "U2214", "char": "∔"}],
                "47": [{"keysym": "KP_7", "vk": "VK_NUMPAD7", "label": "7"},            {"keysym": "U2714", "char": "\u2714"},                          {"keysym": "U2195", "char": "↕"},                           {"keysym": "KP_Home", "vk": "VK_HOME", "label": "\u2196"},      {"keysym": "U226A", "char": "\u226a"},                              {"keysym": "upstile", "char": "⌈"}],
                "48": [{"keysym": "KP_8", "vk": "VK_NUMPAD8", "label": "8"},            {"keysym": "U2718", "char": "\u2718"},                          {"keysym": "uparrow", "char": "↑"},                         {"keysym": "KP_Up", "vk": "VK_UP", "label": "\u2191"},          {"keysym": "intersection", "char": "∩"},                            {"keysym": "U22C2", "char": "⋂"}],
                "49": [{"keysym": "KP_9", "vk": "VK_NUMPAD9", "label": "9"},            {"keysym": "dagger", "char": "†"},                              {"keysym": "U20D7", "char": "\u20d7"},                      {"keysym": "KP_Page_Up", "vk": "VK_PRIOR", "label": "\u21de"},  {"keysym": "U226B", "char": "\u226b"},                              {"keysym": "U2309", "char": "⌉"}],
                "4B": [{"keysym": "KP_4", "vk": "VK_NUMPAD4", "label": "4"},            {"keysym": "club", "char": "\u2663"},                           {"keysym": "leftarrow", "char": "←"},                       {"keysym": "KP_Left", "vk": "VK_LEFT", "label": "\u2190"},      {"keysym": "includedin", "char": "\u2282"},                         {"keysym": "U2286", "char": "⊆"}],
                "4C": [{"keysym": "KP_5", "vk": "VK_NUMPAD5", "label": "5"},            {"keysym": "EuroSign", "char": "€"},                            {"keysym": "colon", "char": ":"},                           {"keysym": "VoidSymbol", "vk": "VK_LBUTTON"},                   {"keysym": "U22B6", "char": "\u22B6"},                              {"keysym": "U22B7", "char": "⊷"}],
                "4D": [{"keysym": "KP_6", "vk": "VK_NUMPAD6", "label": "6"},            {"keysym": "U2023", "char": "\u2023"},                          {"keysym": "rightarrow", "char": "→"},                      {"keysym": "KP_Right", "vk": "VK_RIGHT", "label": "\u2192"},    {"keysym": "includes", "char": "\u2283"},                           {"keysym": "U2287", "char": "⊇"}],
                "4F": [{"keysym": "KP_1", "vk": "VK_NUMPAD1", "label": "1"},            {"keysym": "diamond", "char": "\u2666"},                        {"keysym": "U2194", "char": "↔"},                           {"keysym": "KP_End", "vk": "VK_END", "label": "\u2198"},        {"keysym": "lessthanequal", "char": "≤"},                           {"keysym": "downstile", "char": "⌊"}],
                "50": [{"keysym": "KP_2", "vk": "VK_NUMPAD2", "label": "2"},            {"keysym": "heart", "char": "\u2665"},                          {"keysym": "downarrow", "char": "↓"},                       {"keysym": "KP_Down", "vk": "VK_DOWN", "label": "\u2193"},      {"keysym": "union", "char": "\u222A"},                              {"keysym": "U22C3", "char": "\u22c3"}],
                "51": [{"keysym": "KP_3", "vk": "VK_NUMPAD3", "label": "3"},            {"keysym": "U2660", "char": "\u2660"},                          {"keysym": "U21CC", "char": "\u21cc"},                      {"keysym": "KP_Page_Down", "vk": "VK_NEXT", "label": "\u21df"}, {"keysym": "greaterthanequal", "char": "≥"},                        {"keysym": "U230B", "char": "⌋"}],
                "52": [{"keysym": "KP_0", "vk": "VK_NUMPAD0", "label": "0"},            {"keysym": "signifblank", "char": "\u2423"},                    {"keysym": "percent", "char": "%"},                         {"keysym": "KP_Insert", "vk": "VK_INSERT", "label": "Ins"},     {"keysym": "permille", "char": "‰"},                                {"keysym": "U25A1", "char": "□"}],
                "53": [{"keysym": "KP_Separator", "vk": "VK_DECIMAL", "label": ","},    {"keysym": "period", "char": "."},                              {"keysym": "comma", "vk": "VK_OEM_COMMA", "label": ","},    {"keysym": "KP_Delete", "vk": "VK_DELETE", "label": "\u2326"},  {"keysym": "minutes", "char": "′"},                                 {"keysym": "seconds", "char": "″"}],
                       
                "0C": [{"keysym": "minus", "vk": "VK_OEM_MINUS", "label": "-"},         {"keysym": "emdash", "char": "—"},                              {},                                                         {"keysym": "KP_Subtract", "vk": "VK_SUBTRACT", "label": "-"},   {"keysym": "U2011", "char": "‑"},                                   {"keysym": "U00AD", "char": "\u00ad"}],
                "10": [{"keysym": "k", "vk": "VK_KEY_K", "label": "k"},                 {"keysym": "K", "vk": "VK_KEY_K", "label": "K"},                {"keysym": "ellipsis", "char": "…"},                        {"keysym": "Page_Up", "vk": "VK_PRIOR", "label": "\u21de"},     {"keysym": "Greek_kappa", "char": "κ"},                             {"keysym": "multiply", "char": "×"}],
                "11": [{"keysym": "period", "char": "."},                               {"keysym": "enfilledcircbullet", "char": "•"},                  {"keysym": "underbar", "char": "_"},                        {"keysym": "BackSpace", "vk": "VK_BACK", "label": "\u232b"},    {"keysym": "U03D1", "char": "ϑ"},                                   {"keysym": "U21A6", "char": "↦"}],
                "12": [{"keysym": "o", "vk": "VK_KEY_O", "label": "o"},                 {"keysym": "O", "vk": "VK_KEY_O", "label": "O"},                {"keysym": "bracketleft", "char": "["},                     {"keysym": "Up", "vk": "VK_UP", "label": "\u2191"},             {"keysym": "Greek_omicron", "char": "ο"},                           {"keysym": "elementof", "char": "∈"}],
                "13": [{"keysym": "comma", "char": ","},                                {"keysym": "endash", "char": "–"},                              {"keysym": "bracketright", "char": "]"},                    {"keysym": "Delete", "vk": "VK_DELETE", "label": "\u2326"},     {"keysym": "U03F1", "char": "ϱ"},                                   {"keysym": "implies", "char": "⇒"}],
                "14": [{"keysym": "y", "vk": "VK_KEY_Y", "label": "y"},                 {"keysym": "Y", "vk": "VK_KEY_Y", "label": "Y"},                {"keysym": "numbersign", "char": "#"},                     {"keysym": "Page_Down", "vk": "VK_NEXT", "label": "\u21df"},    {"keysym": "Greek_upsilon", "char": "υ"},                           {"keysym": "nabla", "char": "∇"}],
                "15": [{"keysym": "v", "vk": "VK_KEY_V", "label": "v"},                 {"keysym": "V", "vk": "VK_KEY_V", "label": "V"},                {"keysym": "exclam", "char": "!"},                          {"keysym": "Escape", "vk": "VK_ESCAPE", "label": "ESC"},                          {},                                                                 {"keysym": "radical", "char": "√"}],
                "16": [{"keysym": "g", "vk": "VK_KEY_G", "label": "g"},                 {"keysym": "G", "vk": "VK_KEY_G", "label": "G"},                {"keysym": "less", "char": "<"},                            {"keysym": "KP_7", "vk": "VK_NUMPAD7", "label": "7"},           {"keysym": "Greek_gamma", "char": "γ"},                             {"keysym": "Greek_GAMMA", "char": "Γ"}],
                "17": [{"keysym": "c", "vk": "VK_KEY_C", "label": "c"},                 {"keysym": "C", "vk": "VK_KEY_C", "label": "C"},                {"keysym": "greater", "char": ">"},                         {"keysym": "KP_8", "vk": "VK_NUMPAD8", "label": "8"},           {"keysym": "Greek_chi", "char": "χ"},                               {"keysym": "U2102", "char": "ℂ"}],
                "18": [{"keysym": "l", "vk": "VK_KEY_L", "label": "l"},                 {"keysym": "L", "vk": "VK_KEY_L", "label": "L"},                {"keysym": "equal", "char": "="},                           {"keysym": "KP_9", "vk": "VK_NUMPAD9", "label": "9"},           {"keysym": "Greek_lamda", "char": "λ"},                             {"keysym": "Greek_LAMDA", "char": "Λ"}],
                "19": [{"keysym": "ssharp", "char": "ß"},                               {"keysym": "U1E9E", "char": "\u1e9e"},                          {"keysym": "ampersand", "char": "&"},                       {"keysym": "KP_Add", "vk": "VK_ADD", "label": "+"},             {"keysym": "Greek_finalsmallsigma", "char": "ς"},                   {"keysym": "jot", "char": "∘"}],
                "1A": [{"keysym": "z", "vk": "VK_KEY_Z", "label": "z"},                 {"keysym": "Z", "vk": "VK_KEY_Z", "label": "Z"},                {"keysym": "U017F", "char": "ſ"},                           {"keysym": "U2212", "char": "−"},                               {"keysym": "Greek_zeta", "char": "ζ"},                              {"keysym": "U2124", "char": "ℤ"}],
                "1E": [{"keysym": "h", "vk": "VK_KEY_H", "label": "h"},                 {"keysym": "H", "vk": "VK_KEY_H", "label": "H"},                {"keysym": "backslash", "char": "\\"},                      {"keysym": "Home", "vk": "VK_HOME", "label": "\u2196"},         {"keysym": "Greek_psi", "char": "ψ"},                               {"keysym": "Greek_PSI", "char": "Ψ"}],
                "1F": [{"keysym": "a", "vk": "VK_KEY_A", "label": "a"},                 {"keysym": "A", "vk": "VK_KEY_A", "label": "A"},                {"keysym": "slash", "char": "/"},                           {"keysym": "Left", "vk": "VK_LEFT", "label": "\u2190"},         {"keysym": "Greek_alpha", "char": "α"},                             {"keysym": "U2200", "char": "∀"}],
                "20": [{"keysym": "e", "vk": "VK_KEY_E", "label": "e"},                 {"keysym": "E", "vk": "VK_KEY_E", "label": "E"},                {"keysym": "braceleft", "char": "{"},                       {"keysym": "Down", "vk": "VK_DOWN", "label": "\u2193"},         {"keysym": "Greek_epsilon", "char": "ε"},                           {"keysym": "U2203", "char": "∃"}],
                "21": [{"keysym": "i", "vk": "VK_KEY_I", "label": "i"},                 {"keysym": "I", "vk": "VK_KEY_I", "label": "I"},                {"keysym": "braceright", "char": "}"},                      {"keysym": "Right", "vk": "VK_RIGHT", "label": "\u2192"},       {"keysym": "Greek_iota", "char": "ι"},                              {"keysym": "integral", "char": "∫"}],
                "22": [{"keysym": "u", "vk": "VK_KEY_U", "label": "u"},                 {"keysym": "U", "vk": "VK_KEY_U", "label": "U"},                {"keysym": "asterisk", "char": "*"},                        {"keysym": "End", "vk": "VK_END", "label": "\u2198"},           {},                                                                 {"keysym": "includedin", "char": "⊂"}],
                "23": [{"keysym": "d", "vk": "VK_KEY_D", "label": "d"},                 {"keysym": "D", "vk": "VK_KEY_D", "label": "D"},                {"keysym": "question", "char": "?"},                        {"keysym": "ContextMenu", "vk": "VK_APPS", "label": "\u25A4"},  {"keysym": "Greek_delta", "char": "δ"},							    {"keysym": "Greek_DELTA", "char": "Δ"}],
                "24": [{"keysym": "t", "vk": "VK_KEY_T", "label": "t"},                 {"keysym": "T", "vk": "VK_KEY_T", "label": "T"},                {"keysym": "parenleft", "char": "("},                       {"keysym": "KP_4", "vk": "VK_NUMPAD4", "label": "4"},           {"keysym": "Greek_tau", "char": "τ"},                               {"keysym": "partdifferential", "char": "∂"}],
                "25": [{"keysym": "r", "vk": "VK_KEY_R", "label": "r"},                 {"keysym": "R", "vk": "VK_KEY_R", "label": "R"},                {"keysym": "parenright", "char": ")"},                      {"keysym": "KP_5", "vk": "VK_NUMPAD5", "label": "5"},           {"keysym": "Greek_rho", "char": "ρ"},                               {"keysym": "U211D", "char": "ℝ"}],
                "26": [{"keysym": "n", "vk": "VK_KEY_N", "label": "n"},                 {"keysym": "N", "vk": "VK_KEY_N", "label": "N"},                {"keysym": "minus", "char": "-"},                           {"keysym": "KP_6", "vk": "VK_NUMPAD6", "label": "6"},           {"keysym": "Greek_nu", "char": "ν"},                                {"keysym": "U2115", "char": "ℕ"}],
                "27": [{"keysym": "s", "vk": "VK_KEY_S", "label": "s"},                 {"keysym": "S", "vk": "VK_KEY_S", "label": "S"},                {"keysym": "colon", "char": ":"},                           {"keysym": "KP_Separator", "vk": "VK_DECIMAL", "label": ","},   {"keysym": "Greek_sigma", "char": "σ"},                             {"keysym": "Greek_SIGMA", "char": "Σ"}],
                "28": [{"keysym": "f", "vk": "VK_KEY_F", "label": "f"},                 {"keysym": "F", "vk": "VK_KEY_F", "label": "F"},                {"keysym": "at", "char": "@"},                              {"keysym": "period", "char": "."},                              {"keysym": "Greek_phi", "char": "φ"},                               {"keysym": "Greek_PHI", "char": "Φ"}],
                "2C": [{"keysym": "x", "vk": "VK_KEY_X", "label": "x"},                 {"keysym": "X", "vk": "VK_KEY_X", "label": "X"},                {"keysym": "asciicircum", "char": "^"},                     {"vk": "VK_KEY_Z", "mods": {"Ctrl": true}, "label": "\u238c"},  {"keysym": "Greek_xi", "char": "ξ"},                                {"keysym": "Greek_XI", "char": "Ξ"}],
                "2D": [{"keysym": "q", "vk": "VK_KEY_Q", "label": "q"},                 {"keysym": "Q", "vk": "VK_KEY_Q", "label": "Q"},                {"keysym": "asciitilde", "char": "~"},                      {"keysym": "Delete", "vk": "VK_DELETE", "mods": {"Shift": true}, "label": "\u2702"},           {"keysym": "U03D5", "char": "ϕ"},                                   {"keysym": "U211A", "char": "ℚ"}],
                "2E": [{"keysym": "adiaeresis", "char": "ä"},                           {"keysym": "Adiaeresis", "char": "Ä"},                          {"keysym": "bar", "char": "|"},                             {"keysym": "Insert", "vk": "VK_INSERT", "mods": {"Ctrl": true}, "label": "\u2398"},        {"keysym": "Greek_eta", "char": "η"},                               {"keysym": "U2135", "char": "ℵ"}],
                "2F": [{"keysym": "udiaeresis", "char": "ü"},                           {"keysym": "Udiaeresis", "char": "Ü"},                          {"keysym": "dollar", "char": "$"},                      	{"keysym": "Paste", "vk": "VK_INSERT", "mods": {"Shift": true}, "label": "\u2380"},     {},                                                                 {"keysym": "union", "char": "∪"}],
                "30": [{"keysym": "odiaeresis", "char": "ö"},                           {"keysym": "Odiaeresis", "char": "Ö"},                          {"keysym": "grave", "char": "`"},                           {"keysym": "Return", "vk": "VK_RETURN", "label": "\u21a9"},		{"keysym": "U03F5", "char": "ϵ"},                                   {"keysym": "intersection", "char": "∩"}],
                "31": [{"keysym": "b", "vk": "VK_KEY_B", "label": "b"},                 {"keysym": "B", "vk": "VK_KEY_B", "label": "B"},                {"keysym": "plus", "char": "+"},                            {"keysym": "colon", "char": ":"},                               {"keysym": "Greek_beta", "char": "β"},                              {"keysym": "U21D0", "char": "⇐"}],
                "32": [{"keysym": "p", "vk": "VK_KEY_P", "label": "p"},                 {"keysym": "P", "vk": "VK_KEY_P", "label": "P"},                {"keysym": "percent", "char": "%"},                         {"keysym": "KP_1", "vk": "VK_NUMPAD1", "label": "1"},           {"keysym": "Greek_pi", "char": "π"},                                {"keysym": "Greek_PI", "char": "Π"}],
                "33": [{"keysym": "w", "vk": "VK_KEY_W", "label": "w"},                 {"keysym": "W", "vk": "VK_KEY_W", "label": "W"},                {"keysym": "quotedbl", "char": "\""},                       {"keysym": "KP_2", "vk": "VK_NUMPAD2", "label": "2"},           {"keysym": "Greek_omega", "char": "ω"},                             {"keysym": "Greek_OMEGA", "char": "Ω"}],
                "34": [{"keysym": "m", "vk": "VK_KEY_M", "label": "m"},                 {"keysym": "M", "vk": "VK_KEY_M", "label": "M"},                {"keysym": "apostrophe", "char": "'"},                      {"keysym": "KP_3", "vk": "VK_NUMPAD3", "label": "3"},           {"keysym": "Greek_mu", "char": "μ"},                                {"keysym": "ifonlyif", "char": "⇔"}],
                "35": [{"keysym": "j", "vk": "VK_KEY_J", "label": "j"},                 {"keysym": "J", "vk": "VK_KEY_J", "label": "J"},                {"keysym": "semicolon", "char": ";"},                       {"keysym": "semicolon", "char": ";"},                           {"keysym": "Greek_theta", "char": "θ"},                             {"keysym": "Greek_THETA", "char": "Θ"}]
            }
        },
    ]
}